method,n,set_prec,set_rec,set_f1,ordered_precision,lcs_r,kendall_tau,transition_acc,first_tool_acc
bm25,9965,0.18791938451246024,0.2678006355577856,0.21521891555509218,0.07288844288342532,0.21100016725204884,-0.0013380163907007856,0.04097173440374644,0.14310085298544908
